{
  "best_parameters": {
    "lambda_over": 0.5,
    "lambda_under": 0.0,
    "theta_queue": 0.0
  },
  "optimized": {
    "total_cash": 71958.358794,
    "avg_fill_px": 16.0096
  },
  "baselines": {
    "best_ask": {
      "total_cash": 80048.0,
      "avg_fill_px": 100.06
    },
    "twap": {
      "total_cash": 160096.0,
      "avg_fill_px": 32.0192
    },
    "vwap": {
      "total_cash": 160096.0,
      "avg_fill_px": 32.0192
    }
  },
  "savings_vs_baselines_bps": {
    "best_ask": 1010.5987914751149,
    "twap": 5505.2993957375575,
    "vwap": 5505.2993957375575
  }
}